epoch,step,test F1 Score,test_loss,training F1 Score_epoch,training F1 Score_step,training_loss_epoch,training_loss_step,validation F1 Score,validation_loss
0,49,,,,0.23671497404575348,,0.36929556727409363,,
0,99,,,,0.0,,0.30774328112602234,,
0,149,,,,0.0,,0.2899680733680725,,
0,199,,,,0.0,,0.2811535596847534,,
0,249,,,,0.0,,0.3153824806213379,,
0,278,,,,,,,0.1539531946182251,0.3054436147212982
0,278,,,0.07899429649114609,,0.35207805037498474,,,
1,279,0.15547770261764526,0.30495157837867737,,,,,,
